[Header],,,,,,,,,,,,,
IEM1FileVersion,4,,,,,,,,,,,,
Investigator Name,lwilliams,,,,,,,,,,,,
Experiment Name,takoo1,,,,,,,,,,,,
Date,21/11/2017,,,,,,,,,,,,
Workflow,duplex-seq,,,,,,,,,,,,
Application,NextSeq FASTQ Only,,,,,,,,,,,,
Assay,SOPv1.4,,,,,,,,,,,,
Description,"2nd run of Ariad/Takada samples, TAK001",,,,,,,,,,,,
Chemistry,Default,,,,,,,,,,,,
,,,,,,,,,,,,,
[Reads],,,,,,,,,,,,,
151,,,,,,,,,,,,,
151,,,,,,,,,,,,,
,,,,,,,,,,,,,
[Settings],,,,,,,,,,,,,
CreateFastqForIndexReads,1,,,,,,,,,,,,
BarcodeMismatches,2,,,,,,,,,,,,
,,,,,,,,,,,,,
[Data],,,,,,,,,,,,,
Sample_ID,Sample_Name,Library_ID,Sample_Project,Description,I7_Index_ID,index,I5_Index_ID,index2,Target_Set,Reference_Name,Read_Structure,Fixed_Umi_Set_Name,DownsampleToPairs
1,230586-1,a,tak001,2nd run of Ariad/Takada samples,1,AACGTGAT,1,ATCACGTT,tsp0004A.v3.bait,hs38DH,8M1S142T8B8B8M1S142T,umis_1-96.v1,
2,232094-5,a,tak001,2nd run of Ariad/Takada samples,2,CGCTGATC,2,GATCAGCG,tsp0004A.v3.bait,hs38DH,8M1S142T8B8B8M1S142T,umis_1-96.v1,
3,235263-5,a,tak001,2nd run of Ariad/Takada samples,3,AAGGTACA,3,TGTACCTT,tsp0004A.v3.bait,hs38DH,8M1S142T8B8B8M1S142T,umis_1-96.v1,
4,235524-1,a,tak001,2nd run of Ariad/Takada samples,4,AGATCGCA,4,TGCGATCT,tsp0004A.v3.bait,hs38DH,8M1S142T8B8B8M1S142T,umis_1-96.v1,
5,235735-10,a,tak001,2nd run of Ariad/Takada samples,5,CACTTCGA,5,TCGAAGTG,tsp0004A.v3.bait,hs38DH,8M1S142T8B8B8M1S142T,umis_1-96.v1,
6,236365-10,a,tak001,2nd run of Ariad/Takada samples,6,CGACTGGA,6,TCCAGTCG,tsp0004A.v3.bait,hs38DH,8M1S142T8B8B8M1S142T,umis_1-96.v1,
7,238493-2,a,tak001,2nd run of Ariad/Takada samples,7,GATAGACA,7,TGTCTATC,tsp0004A.v3.bait,hs38DH,8M1S142T8B8B8M1S142T,umis_1-96.v1,
8,239937-16,a,tak001,2nd run of Ariad/Takada samples,8,GTCGTAGA,8,TCTACGAC,tsp0004A.v3.bait,hs38DH,8M1S142T8B8B8M1S142T,umis_1-96.v1,
10,241237-4,a,tak001,2nd run of Ariad/Takada samples,10,AATGTTGC,10,GCAACATT,tsp0004A.v3.bait,hs38DH,8M1S142T8B8B8M1S142T,umis_1-96.v1,
11,241537-10,a,tak001,2nd run of Ariad/Takada samples,11,ATCATTCC,11,GGAATGAT,tsp0004A.v3.bait,hs38DH,8M1S142T8B8B8M1S142T,umis_1-96.v1,
13,241830-10,a,tak001,2nd run of Ariad/Takada samples,13,AAACATCG,13,CGATGTTT,tsp0004A.v3.bait,hs38DH,8M1S142T8B8B8M1S142T,umis_1-96.v1,
14,318798-3,a,tak001,2nd run of Ariad/Takada samples,14,ACAAGCTA,14,TAGCTTGT,tsp0004A.v3.bait,hs38DH,8M1S142T8B8B8M1S142T,umis_1-96.v1,
15,663548-10,a,tak001,2nd run of Ariad/Takada samples,15,ACACAGAA,15,TTCTGTGT,tsp0004A.v3.bait,hs38DH,8M1S142T8B8B8M1S142T,umis_1-96.v1,
16,726149-10,a,tak001,2nd run of Ariad/Takada samples,16,AGCAGGAA,16,TTCCTGCT,tsp0004A.v3.bait,hs38DH,8M1S142T8B8B8M1S142T,umis_1-96.v1,
44,322781-7,a,tak001,2nd run of Ariad/Takada samples,44,TAGGATGA,44,TCATCCTA,tsp0004A.v3.bait,hs38DH,8M1S142T8B8B8M1S142T,umis_1-96.v1,
9,660650-6,a,tak001,2nd run of Ariad/Takada samples,9,TGGAACAA,9,TTGTTCCA,tsp0004A.v3.bait,hs38DH,8M1S142T8B8B8M1S142T,umis_1-96.v1,
12,761082-8,a,tak001,2nd run of Ariad/Takada samples,12,CGACACAC,12,GTGTGTCG,tsp0004A.v3.bait,hs38DH,8M1S142T8B8B8M1S142T,umis_1-96.v1,
17,835209-1,a,tak001,2nd run of Ariad/Takada samples,17,CAGCGTTA,17,TAACGCTG,tsp0004A.v3.bait,hs38DH,8M1S142T8B8B8M1S142T,umis_1-96.v1,
18,851403-3,a,tak001,2nd run of Ariad/Takada samples,18,CGCATACA,18,TGTATGCG,tsp0004A.v3.bait,hs38DH,8M1S142T8B8B8M1S142T,umis_1-96.v1,
19,852421-8,a,tak001,2nd run of Ariad/Takada samples,19,GCCACATA,19,TATGTGGC,tsp0004A.v3.bait,hs38DH,8M1S142T8B8B8M1S142T,umis_1-96.v1,
20,852423-7,a,tak001,2nd run of Ariad/Takada samples,20,GTCTGTCA,20,TGACAGAC,tsp0004A.v3.bait,hs38DH,8M1S142T8B8B8M1S142T,umis_1-96.v1,
21,857500-7,a,tak001,2nd run of Ariad/Takada samples,21,TGGCTTCA,21,TGAAGCCA,tsp0004A.v3.bait,hs38DH,8M1S142T8B8B8M1S142T,umis_1-96.v1,
22,909187-5,a,tak001,2nd run of Ariad/Takada samples,22,ACACGACC,22,GGTCGTGT,tsp0004A.v3.bait,hs38DH,8M1S142T8B8B8M1S142T,umis_1-96.v1,
23,909938-9,a,tak001,2nd run of Ariad/Takada samples,23,ATTGGCTC,23,GAGCCAAT,tsp0004A.v3.bait,hs38DH,8M1S142T8B8B8M1S142T,umis_1-96.v1,
24,921003-5,a,tak001,2nd run of Ariad/Takada samples,24,CGGATTGC,24,GCAATCCG,tsp0004A.v3.bait,hs38DH,8M1S142T8B8B8M1S142T,umis_1-96.v1,
37,923355-5,a,tak001,2nd run of Ariad/Takada samples,37,AGTGGTCA,37,TGACCACT,tsp0004A.v3.bait,hs38DH,8M1S142T8B8B8M1S142T,umis_1-96.v1,
38,924549-5,a,tak001,2nd run of Ariad/Takada samples,38,AGTACAAG,38,CTTGTACT,tsp0004A.v3.bait,hs38DH,8M1S142T8B8B8M1S142T,umis_1-96.v1,
39,929197-5,a,tak001,2nd run of Ariad/Takada samples,39,ACCTCCAA,39,TTGGAGGT,tsp0004A.v3.bait,hs38DH,8M1S142T8B8B8M1S142T,umis_1-96.v1,
40,938660-5,a,tak001,2nd run of Ariad/Takada samples,40,ATCCTGTA,40,TACAGGAT,tsp0004A.v3.bait,hs38DH,8M1S142T8B8B8M1S142T,umis_1-96.v1,
41,957341-5,a,tak001,2nd run of Ariad/Takada samples,41,CCAGTTCA,41,TGAACTGG,tsp0004A.v3.bait,hs38DH,8M1S142T8B8B8M1S142T,umis_1-96.v1,
42,973507-5,a,tak001,2nd run of Ariad/Takada samples,42,CTGAGCCA,42,TGGCTCAG,tsp0004A.v3.bait,hs38DH,8M1S142T8B8B8M1S142T,umis_1-96.v1,
43,984765-5,a,tak001,2nd run of Ariad/Takada samples,43,GCTAACGA,43,TCGTTAGC,tsp0004A.v3.bait,hs38DH,8M1S142T8B8B8M1S142T,umis_1-96.v1,
